{"cameraMode":{"drawMode":0,"name":"Shaded","section":"Shading Mode"},"sceneLighting":true,"audioPlay":false,"sceneViewState":{"m_AlwaysRefresh":false,"showFog":true,"showSkybox":true,"showFlares":true,"showImageEffects":true,"showParticleSystems":true,"showVisualEffectGraphs":true,"m_FxEnabled":true},"in2DMode":false,"pivot":{"x":14.541116714477539,"y":19.01627540588379,"z":26.609413146972658},"rotation":{"x":-0.053581442683935168,"y":0.9203999638557434,"z":-0.36262327432632449,"w":-0.13599859178066255},"size":5.8927178382873539,"orthographic":false}