{"cameraMode":{"drawMode":0,"name":"Shaded","section":"Shading Mode"},"sceneLighting":true,"audioPlay":false,"sceneViewState":{"m_AlwaysRefresh":false,"showFog":true,"showSkybox":true,"showFlares":true,"showImageEffects":true,"showParticleSystems":true,"showVisualEffectGraphs":true,"m_FxEnabled":true},"in2DMode":false,"pivot":{"x":0.9837806820869446,"y":2.609318494796753,"z":-1.7494064569473267},"rotation":{"x":-0.002672746544703841,"y":-0.11077749729156494,"z":-0.00029963484848849475,"w":0.9938424229621887},"size":0.8660253882408142,"orthographic":false}